"peptide","pasta_pred","structure","amyl_ftir","amyl_db","literature"
"NNSGPN",FALSE,"",NA,TRUE,FALSE
"QANKHI",FALSE,"",NA,TRUE,FALSE
"QEMRHF",FALSE,"",NA,TRUE,FALSE
"MMHFGN",FALSE,"",NA,TRUE,FALSE
"ALEEYT",FALSE,"alfa(?)","FALSE",TRUE,TRUE
"HGFNQQ",FALSE,"",NA,TRUE,FALSE
"ASSSNY",FALSE,"random, alfa(?)","FALSE",TRUE,TRUE
"HSSNNF",FALSE,"random, alfa","FALSE",TRUE,TRUE
"MIENIQ",FALSE,"beta","TRUE",TRUE,FALSE
"NIFNIT",FALSE,"beta","TRUE",TRUE,FALSE
"MIHFGN",FALSE,"random, alfa","FALSE",TRUE,TRUE
"HLFNLT",FALSE,"random, alfa(?)","FALSE",TRUE,TRUE
"STVVIE",TRUE,"amyloid","TRUE",FALSE,FALSE
"ELNIYQ",FALSE,"",NA,FALSE,FALSE
"FTFIQF",FALSE,"amyloid(?)","TRUE",FALSE,TRUE
"WSFYLL",FALSE,"amyloid","TRUE",FALSE,TRUE
"YYTEFT",FALSE,"amyloid(?)","TRUE",FALSE,FALSE
"NTIFVQ",FALSE,"amyloid","TRUE",FALSE,FALSE
"DETVIV",TRUE,"beta/amyloid","TRUE",FALSE,TRUE
"FTPTEK",FALSE,"",NA,FALSE,FALSE
"FQKQQK",FALSE,"random (?)","FALSE",FALSE,FALSE
"FGELFE",FALSE,"amyloid","TRUE",FALSE,FALSE
"SHVIIE",TRUE,"",NA,FALSE,FALSE
"STTIIE",FALSE,"",NA,FALSE,FALSE
